zone,code_insee,nom_commune
zone_2,22001,ALLINEUC
zone_2,22004,BEGARD
zone_2,22005,BELLE ISLE EN TERRE
zone_2,22006,BERHET
zone_2,22009,BODEO
zone_2,22011,BOQUEHO
zone_2,22013,BOURBRIAC
zone_2,22015,BREHAND
zone_2,22018,BRELIDY
zone_2,22019,BRINGOLO
zone_2,22023,BULAT PESTIVIEN
zone_2,22024,CALANHEL
zone_2,22025,CALLAC
zone_2,22028,CAMLEZ
zone_2,22029,CANIHUEL
zone_2,22030,CAOUENNEC LANVEZEAC
zone_2,22031,CARNOET
zone_2,22033,CAUREL
zone_2,22034,CAVAN
zone_2,22037,CHAPELLE NEUVE
zone_2,22040,COADOUT
zone_2,22041,COATASCORN
zone_2,22042,COATREVEN
zone_2,22045,COHINIAC
zone_2,22046,MENE
zone_2,22047,CORLAY
zone_2,22052,DUAULT
zone_2,22055,BINIC ETABLES SUR MER
zone_2,22057,FAOUET
zone_2,22059,FOEIL
zone_2,22060,GAUSSON
zone_2,22061,GLOMEL
zone_2,22063,GOMMENEC H
zone_2,22064,GOUAREC
zone_2,22065,GOUDELIN
zone_2,22067,GRACES
zone_2,22068,GRACE UZEL
zone_2,22070,GUINGAMP
zone_2,22072,GURUNHUEL
zone_2,22073,HARMOYE
zone_2,22074,HAUT CORLAY
zone_2,22075,HEMONSTOIR
zone_2,22079,HENON
zone_2,22081,HILLION
zone_2,22086,KERFOT
zone_2,22087,KERGRIST MOELOU
zone_2,22088,KERIEN
zone_2,22090,KERMARIA SULARD
zone_2,22091,KERMOROC H
zone_2,22092,KERPERT
zone_2,22095,LANDEBAERON
zone_2,22098,LANDEHEN
zone_2,22099,LANFAINS
zone_2,22101,LANGOAT
zone_2,22106,LANGUEUX
zone_2,22107,BON REPOS SUR BLAVET
zone_2,22108,LANLEFF
zone_2,22110,LANMERIN
zone_2,22112,LANNEBERT
zone_2,22113,LANNION
zone_2,22115,LANRIVAIN
zone_2,22116,LANRODEC
zone_2,22117,LANTIC
zone_2,22119,LANVELLEC
zone_2,22121,LANVOLLON
zone_2,22124,LESCOUET GOUAREC
zone_2,22126,LESLAY
zone_2,22128,LOCARN
zone_2,22129,LOC ENVEL
zone_2,22131,LOGUIVY PLOUGRAS
zone_2,22132,LOHUEC
zone_2,22134,LOUANNEC
zone_2,22135,LOUARGAT
zone_2,22136,LOUDEAC
zone_2,22137,MAEL CARHAIX
zone_2,22138,MAEL PESTIVIEN
zone_2,22139,MAGOAR
zone_2,22140,MALHOURE
zone_2,22141,MANTALLOT
zone_2,22144,MEAUGON
zone_2,22146,MELLIONNEC
zone_2,22149,MERLEAC
zone_2,22150,MERZER
zone_2,22152,MINIHY TREGUIER
zone_2,22153,MONCONTOUR
zone_2,22155,MOTTE
zone_2,22156,MOUSTERU
zone_2,22157,MOUSTOIR
zone_2,22158,GUERLEDAN
zone_2,22161,PABU
zone_2,22163,PAULE
zone_2,22164,PEDERNEC
zone_2,22165,PENGUILY
zone_2,22166,PENVENAN
zone_2,22168,PERROS GUIREC
zone_2,22169,PEUMERIT QUINTIN
zone_2,22170,PLAINE HAUTE
zone_2,22171,PLAINTEL
zone_2,22176,PLEDRAN
zone_2,22177,PLEGUIEN
zone_2,22178,PLEHEDEL
zone_2,22181,PLELAUFF
zone_2,22182,PLELO
zone_2,22184,PLEMY
zone_2,22185,PLENEE JUGON
zone_2,22187,PLERIN
zone_2,22188,PLERNEUF
zone_2,22189,PLESIDY
zone_2,22193,PLESTAN
zone_2,22194,PLESTIN LES GREVES
zone_2,22196,PLEUDANIEL
zone_2,22198,PLEUMEUR BODOU
zone_2,22202,PLEVIN
zone_2,22203,PLOEUC L HERMITAGE
zone_2,22204,PLOEZAL
zone_2,22206,CHATELAUDREN PLOUAGAT
zone_2,22207,PLOUARET
zone_2,22211,PLOUBEZRE
zone_2,22212,PLOUEC DU TRIEUX
zone_2,22215,PLOUFRAGAN
zone_2,22216,PLOUGONVER
zone_2,22217,PLOUGRAS
zone_2,22219,PLOUGUENAST LANGAST
zone_2,22220,PLOUGUERNEVEL
zone_2,22221,PLOUGUIEL
zone_2,22222,PLOUHA
zone_2,22223,PLOUISY
zone_2,22224,PLOULEC H
zone_2,22225,PLOUMAGOAR
zone_2,22226,PLOUMILLIAU
zone_2,22227,PLOUNERIN
zone_2,22228,PLOUNEVEZ MOEDEC
zone_2,22229,PLOUNEVEZ QUINTIN
zone_2,22231,PLOURAC H
zone_2,22232,PLOURHAN
zone_2,22233,PLOURIVO
zone_2,22234,PLOUVARA
zone_2,22235,PLOUZELAMBRE
zone_2,22236,PLUDUAL
zone_2,22238,PLUFUR
zone_2,22243,PLUSQUELLEC
zone_2,22244,PLUSSULIEN
zone_2,22245,PLUZUNET
zone_2,22246,POMMERET
zone_2,22248,POMMERIT LE VICOMTE
zone_2,22249,PONT MELVEZ
zone_2,22250,PONTRIEUX
zone_2,22251,PORDIC
zone_2,22254,PRAT
zone_2,22255,PRENESSAYE
zone_2,22256,QUEMPER GUEZENNEC
zone_2,22257,QUEMPERVEN
zone_2,22258,QUESSOY
zone_2,22260,QUILLIO
zone_2,22262,QUINTIN
zone_2,22264,ROCHE JAUDY
zone_2,22265,ROSPEZ
zone_2,22266,ROSTRENEN
zone_2,22269,RUNAN
zone_2,22271,SAINT ADRIEN
zone_2,22272,SAINT AGATHON
zone_2,22276,SAINT BIHY
zone_2,22277,SAINT BRANDAN
zone_2,22278,SAINT BRIEUC
zone_2,22279,SAINT CARADEC
zone_2,22281,SAINT CARREUC
zone_2,22283,SAINT CLET
zone_2,22284,SAINT CONNAN
zone_2,22285,SAINT CONNEC
zone_2,22287,SAINT DONAN
zone_2,22289,SAINT FIACRE
zone_2,22291,SAINT GILDAS
zone_2,22293,SAINT GILLES LES BOIS
zone_2,22294,SAINT GILLES PLIGEAUX
zone_2,22295,SAINT GILLES VIEUX MARCHE
zone_2,22296,SAINT GLEN
zone_2,22300,SAINT HERVE
zone_2,22304,SAINT JEAN KERDANIEL
zone_2,22307,SAINT JULIEN
zone_2,22310,SAINT LAURENT
zone_2,22313,SAINT MARTIN DES PRES
zone_2,22316,SAINT MAYEUX
zone_2,22319,SAINT MICHEL EN GREVE
zone_2,22320,SAINT NICODEME
zone_2,22321,SAINT NICOLAS DU PELEM
zone_2,22322,SAINT PEVER
zone_2,22324,SAINT QUAY PERROS
zone_2,22325,SAINT QUAY PORTRIEUX
zone_2,22328,SAINT SERVAIS
zone_2,22330,SAINT THELO
zone_2,22331,SAINTE TREPHINE
zone_2,22332,SAINT TRIMOEL
zone_2,22334,SAINT IGEAUX
zone_2,22335,SENVEN LEHART
zone_2,22338,SQUIFFIEC
zone_2,22340,TONQUEDEC
zone_2,22343,TREBEURDEN
zone_2,22344,TREBRIVAN
zone_2,22345,TREBRY
zone_2,22346,TREDANIEL
zone_2,22347,TREDARZEC
zone_2,22349,TREDREZ LOCQUEMEAU
zone_2,22350,TREDUDER
zone_2,22351,TREFFRIN
zone_2,22353,TREGASTEL
zone_2,22354,TREGLAMUS
zone_2,22356,TREGOMEUR
zone_2,22358,TREGONNEAU
zone_2,22359,TREGROM
zone_2,22360,TREGUEUX
zone_2,22361,TREGUIDEL
zone_2,22362,TREGUIER
zone_2,22363,TRELEVERN
zone_2,22365,TREMARGAT
zone_2,22366,TREMEL
zone_2,22370,TREMEVEN
zone_2,22372,TREMUSON
zone_2,22373,TREOGAN
zone_2,22375,TRESSIGNAUX
zone_2,22376,TREVE
zone_2,22377,TREVENEUC
zone_2,22378,TREVEREC
zone_2,22379,TREVOU TREGUIGNEC
zone_2,22381,TREZENY
zone_2,22383,TROGUERY
zone_2,22384,UZEL
zone_2,22386,VIEUX BOURG
zone_2,22387,VIEUX MARCHE
zone_2,22389,YFFINIAC
zone_2,22390,YVIAS
zone_2,29001,ARGOL
zone_2,29007,BERRIEN
zone_2,29010,BODILIS
zone_2,29011,BOHARS
zone_2,29012,BOLAZEC
zone_2,29013,BOTMEUR
zone_2,29014,BOTSORHEL
zone_2,29015,BOURG BLANC
zone_2,29016,BRASPARTS
zone_2,29017,BRELES
zone_2,29018,BRENNILIS
zone_2,29019,BREST
zone_2,29021,PLOUNEOUR BRIGNOGAN PLAGES
zone_2,29022,CAMARET SUR MER
zone_2,29023,CARANTEC
zone_2,29024,CARHAIX PLOUGUER
zone_2,29026,CHATEAULIN
zone_2,29027,CHATEAUNEUF DU FAOU
zone_2,29029,CLEDEN POHER
zone_2,29030,CLEDER
zone_2,29033,CLOITRE PLEYBEN
zone_2,29034,CLOITRE SAINT THEGONNEC
zone_2,29035,COAT MEAL
zone_2,29036,COLLOREC
zone_2,29038,COMMANA
zone_2,29041,CORAY
zone_2,29042,CROZON
zone_2,29043,DAOULAS
zone_2,29044,DINEAULT
zone_2,29045,DIRINON
zone_2,29047,DRENNEC
zone_2,29053,FAOU
zone_2,29054,FEUILLEE
zone_2,29055,FOLGOET
zone_2,29056,FOREST LANDERNEAU
zone_2,29059,GARLAN
zone_2,29061,GOUESNOU
zone_2,29064,GOULVEN
zone_2,29067,GUERLESQUIN
zone_2,29068,GUICLAN
zone_2,29069,GUILERS
zone_2,29073,GUIMAEC
zone_2,29074,GUIMILIAU
zone_2,29075,GUIPAVAS
zone_2,29076,MILIZAC GUIPRONVEL
zone_2,29077,GUISSENY
zone_2,29078,HANVEC
zone_2,29079,HENVIC
zone_2,29080,HOPITAL CAMFROUT
zone_2,29081,HUELGOAT
zone_2,29082,ILE DE BATZ
zone_2,29086,IRVILLAC
zone_2,29089,KERGLOFF
zone_2,29091,KERLOUAN
zone_2,29093,KERNILIS
zone_2,29094,KERNOUES
zone_2,29095,KERSAINT PLABENNEC
zone_2,29097,LAMPAUL GUIMILIAU
zone_2,29099,LAMPAUL PLOUDALMEZEAU
zone_2,29100,LANARVILY
zone_2,29101,LANDEDA
zone_2,29102,LANDELEAU
zone_2,29103,LANDERNEAU
zone_2,29104,LANDEVENNEC
zone_2,29105,LANDIVISIAU
zone_2,29110,LANGOLEN
zone_2,29111,LANHOUARNEAU
zone_2,29113,LANMEUR
zone_2,29114,LANNEANOU
zone_2,29115,LANNEDERN
zone_2,29116,LANNEUFFRET
zone_2,29117,LANNILIS
zone_2,29119,LANRIVOARE
zone_2,29120,LANVEOC
zone_2,29122,LAZ
zone_2,29123,LENNON
zone_2,29124,LESNEVEN
zone_2,29125,LEUHAN
zone_2,29126,LOC BREVALAIRE
zone_2,29128,LOC EGUINER
zone_2,29131,LOCMELAR
zone_2,29132,LOCQUENOLE
zone_2,29133,LOCQUIREC
zone_2,29137,LOGONNA DAOULAS
zone_2,29139,LOPEREC
zone_2,29140,LOPERHET
zone_2,29141,LOQUEFFRET
zone_2,29144,MARTYRE
zone_2,29148,MESPAUL
zone_2,29151,MORLAIX
zone_2,29152,MOTREFF
zone_2,29156,PENCRAN
zone_2,29160,PLABENNEC
zone_2,29162,PLEYBEN
zone_2,29163,PLEYBER CHRIST
zone_2,29172,PLOMODIERN
zone_2,29175,PLONEVEZ DU FAOU
zone_2,29178,PLOUDALMEZEAU
zone_2,29179,PLOUDANIEL
zone_2,29180,PLOUDIRY
zone_2,29181,PLOUEDERN
zone_2,29182,PLOUEGAT GUERAND
zone_2,29183,PLOUEGAT MOYSAN
zone_2,29184,PLOUENAN
zone_2,29185,PLOUESCAT
zone_2,29186,PLOUEZOC H
zone_2,29187,PLOUGAR
zone_2,29188,PLOUGASNOU
zone_2,29189,PLOUGASTEL DAOULAS
zone_2,29191,PLOUGONVEN
zone_2,29192,PLOUGOULM
zone_2,29193,PLOUGOURVEST
zone_2,29195,PLOUGUERNEAU
zone_2,29196,PLOUGUIN
zone_2,29198,PLOUIDER
zone_2,29199,PLOUIGNEAU
zone_2,29202,PLOUNEOUR MENEZ
zone_2,29204,PLOUNEVENTER
zone_2,29205,PLOUNEVEZEL
zone_2,29206,PLOUNEVEZ LOCHRIST
zone_2,29207,PLOURIN LES MORLAIX
zone_2,29208,PLOURIN
zone_2,29209,PLOUVIEN
zone_2,29210,PLOUVORN
zone_2,29211,PLOUYE
zone_2,29212,PLOUZANE
zone_2,29213,PLOUZEVEDE
zone_2,29222,PORT LAUNAY
zone_2,29227,POULLAOUEN
zone_2,29235,RELECQ KERHUON
zone_2,29237,ROCHE MAURICE
zone_2,29238,ROSCANVEL
zone_2,29239,ROSCOFF
zone_2,29240,ROSNOEN
zone_2,29244,SAINT DERRIEN
zone_2,29245,SAINT DIVY
zone_2,29246,SAINT ELOY
zone_2,29248,SAINT FREGANT
zone_2,29249,SAINT GOAZEC
zone_2,29250,SAINT HERNIN
zone_2,29251,SAINT JEAN DU DOIGT
zone_2,29254,SAINT MARTIN DES CHAMPS
zone_2,29255,SAINT MEEN
zone_2,29256,SAINT NIC
zone_2,29257,SAINT PABU
zone_2,29259,SAINT POL DE LEON
zone_2,29260,SAINT RENAN
zone_2,29261,SAINT RIVOAL
zone_2,29262,SAINT SAUVEUR
zone_2,29263,SAINT SEGAL
zone_2,29264,SAINT SERVAIS
zone_2,29265,SAINTE SEVE
zone_2,29266,SAINT THEGONNEC LOC EGUINER
zone_2,29267,SAINT THOIS
zone_2,29268,SAINT THONAN
zone_2,29270,SAINT URBAIN
zone_2,29271,SAINT VOUGAY
zone_2,29273,SANTEC
zone_2,29275,SCRIGNAC
zone_2,29276,SIBIRIL
zone_2,29277,SIZUN
zone_2,29278,SPEZET
zone_2,29279,TAULE
zone_2,29280,TELGRUC SUR MER
zone_2,29285,TREFLAOUENAN
zone_2,29286,TREFLEVENEZ
zone_2,29287,TREFLEZ
zone_2,29288,TREGARANTEC
zone_2,29289,TREGARVAN
zone_2,29290,TREGLONOU
zone_2,29291,TREGOUREZ
zone_2,29294,TREHOU
zone_2,29295,TREMAOUEZAN
zone_2,29299,TREOUERGAT
zone_2,29301,TREZILIDE
zone_2,29302,PONT DE BUIS LES QUIMERCH
zone_2,56041,CLEGUEREC
zone_2,56066,GOURIN
zone_2,56073,GUEMENE SUR SCORFF
zone_2,56093,KERGRIST
zone_2,56099,LANGOELAN
zone_2,56100,LANGONNET
zone_2,56113,LOCMALO
zone_2,56146,NEULLIAC
zone_2,56163,PLOERDUT
zone_2,56170,PLOURAY
zone_2,56199,ROUDOUALLEC
zone_2,56203,SAINT AIGNAN
zone_2,56209,SAINTE BRIGITTE
zone_2,56238,SAINT TUGDUAL
zone_2,56242,SEGLIEN
zone_2,56245,SILFIAC
zone_1,22002,ANDEL
zone_1,22003,AUCALEUC
zone_1,22008,BOBITAL
zone_1,22012,BOUILLIE
zone_1,22014,BOURSEUL
zone_1,22016,ILE DE BREHAT
zone_1,22020,BROONS
zone_1,22021,BRUSVILY
zone_1,22026,CALORGUEN
zone_1,22027,CAMBOUT
zone_1,22032,CAULNES
zone_1,22035,CHAMPS GERAUX
zone_1,22036,CHAPELLE BLANCHE
zone_1,22039,CHEZE
zone_1,22043,COETLOGON
zone_1,22044,COETMIEUX
zone_1,22048,CORSEUL
zone_1,22049,CREHEN
zone_1,22050,DINAN
zone_1,22053,EREAC
zone_1,22054,ERQUY
zone_1,22056,EVRAN
zone_1,22062,GOMENE
zone_1,22069,GUENROC
zone_1,22071,GUITTE
zone_1,22076,HENANBIHEN
zone_1,22077,HENANSAL
zone_1,22082,HINGLE
zone_1,22083,ILLIFAUT
zone_1,22084,JUGON LES LACS
zone_1,22085,KERBORS
zone_1,22093,LAMBALLE ARMOR
zone_1,22094,LANCIEUX
zone_1,22096,LANDEBIA
zone_1,22097,LANDEC
zone_1,22103,LANGROLAY SUR RANCE
zone_1,22104,LANGUEDIAS
zone_1,22105,LANGUENAN
zone_1,22109,LANLOUP
zone_1,22111,LANMODEZ
zone_1,22114,LANRELAS
zone_1,22118,LANVALLAY
zone_1,22122,LAURENAN
zone_1,22127,LEZARDRIEUX
zone_1,22133,LOSCOUET SUR MEU
zone_1,22143,MATIGNON
zone_1,22145,MEGRIT
zone_1,22147,MERDRIGNAC
zone_1,22148,MERILLAC
zone_1,22160,NOYAL
zone_1,22162,PAIMPOL
zone_1,22172,PLANCOET
zone_1,22174,PLEBOULLE
zone_1,22175,PLEDELIAC
zone_1,22179,FREHEL
zone_1,22180,PLELAN LE PETIT
zone_1,22183,PLEMET
zone_1,22186,PLENEUF VAL ANDRE
zone_1,22190,PLESLIN TRIGAVOU
zone_1,22195,PLEUBIAN
zone_1,22197,PLEUDIHEN SUR RANCE
zone_1,22199,PLEUMEUR GAUTIER
zone_1,22200,PLEVEN
zone_1,22201,PLEVENON
zone_1,22205,PLOREC SUR ARGUENON
zone_1,22208,PLOUASNE
zone_1,22209,BEAUSSAIS SUR MER
zone_1,22210,PLOUBAZLANEC
zone_1,22213,PLOUER SUR RANCE
zone_1,22214,PLOUEZEC
zone_1,22218,PLOUGRESCANT
zone_1,22237,PLUDUNO
zone_1,22239,PLUMAUDAN
zone_1,22240,PLUMAUGAT
zone_1,22241,PLUMIEUX
zone_1,22242,PLURIEN
zone_1,22259,QUEVERT
zone_1,22261,QUINTENIC
zone_1,22263,QUIOU
zone_1,22267,ROUILLAC
zone_1,22268,RUCA
zone_1,22273,SAINT ALBAN
zone_1,22274,SAINT ANDRE DES EAUX
zone_1,22275,SAINT BARNABE
zone_1,22280,SAINT CARNE
zone_1,22282,SAINT CAST LE GUILDO
zone_1,22286,SAINT DENOUAL
zone_1,22288,SAINT ETIENNE DU GUE DE L ISLE
zone_1,22299,SAINT HELEN
zone_1,22302,SAINT JACUT DE LA MER
zone_1,22305,SAINT JOUAN DE L ISLE
zone_1,22306,SAINT JUDOCE
zone_1,22308,SAINT JUVAT
zone_1,22309,SAINT LAUNEUC
zone_1,22311,SAINT LORMEL
zone_1,22312,SAINT MADEN
zone_1,22314,SAINT MAUDAN
zone_1,22315,SAINT MAUDEZ
zone_1,22317,SAINT MELOIR DES BOIS
zone_1,22318,SAINT MICHEL DE PLELAN
zone_1,22323,SAINT POTAN
zone_1,22326,SAINT RIEUL
zone_1,22327,SAINT SAMSON SUR RANCE
zone_1,22333,SAINT VRAN
zone_1,22337,SEVIGNAC
zone_1,22339,TADEN
zone_1,22341,TRAMAIN
zone_1,22342,TREBEDAN
zone_1,22348,TREDIAS
zone_1,22352,TREFUMEL
zone_1,22364,TRELIVAN
zone_1,22368,TREMEREUC
zone_1,22369,TREMEUR
zone_1,22371,TREMOREL
zone_1,22380,TREVRON
zone_1,22385,VICOMTE SUR RANCE
zone_1,22388,VILDE GUINGALAN
zone_1,22391,YVIGNAC LA TOUR
zone_1,29002,ARZANO
zone_1,29003,AUDIERNE
zone_1,29004,BANNALEC
zone_1,29005,BAYE
zone_1,29006,BENODET
zone_1,29008,BEUZEC CAP SIZUN
zone_1,29020,BRIEC
zone_1,29025,CAST
zone_1,29028,CLEDEN CAP SIZUN
zone_1,29031,CLOHARS CARNOET
zone_1,29032,CLOHARS FOUESNANT
zone_1,29037,COMBRIT
zone_1,29039,CONCARNEAU
zone_1,29040,CONQUET
zone_1,29046,DOUARNENEZ
zone_1,29048,EDERN
zone_1,29049,ELLIANT
zone_1,29051,ERGUE GABERIC
zone_1,29057,FORET FOUESNANT
zone_1,29058,FOUESNANT
zone_1,29060,GOUESNACH
zone_1,29062,GOUEZEC
zone_1,29063,GOULIEN
zone_1,29065,GOURLIZON
zone_1,29066,GUENGAT
zone_1,29070,GUILER SUR GOYEN
zone_1,29071,GUILLIGOMARC H
zone_1,29072,GUILVINEC
zone_1,29083,ILE DE SEIN
zone_1,29084,ILE MOLENE
zone_1,29085,ILE TUDY
zone_1,29087,JUCH
zone_1,29090,KERLAZ
zone_1,29098,LAMPAUL PLOUARZEL
zone_1,29106,LANDREVARZEC
zone_1,29107,LANDUDAL
zone_1,29108,LANDUDEC
zone_1,29109,LANDUNVEZ
zone_1,29112,LANILDUT
zone_1,29130,LOCMARIA PLOUZANE
zone_1,29134,LOCRONAN
zone_1,29135,LOCTUDY
zone_1,29136,LOCUNOLE
zone_1,29142,LOTHEY
zone_1,29143,MAHALON
zone_1,29145,CONFORT MEILARS
zone_1,29146,MELGVEN
zone_1,29147,MELLAC
zone_1,29150,MOELAN SUR MER
zone_1,29153,NEVEZ
zone_1,29155,OUESSANT
zone_1,29158,PENMARCH
zone_1,29159,PEUMERIT
zone_1,29161,PLEUVEN
zone_1,29165,PLOBANNALEC LESCONIL
zone_1,29166,PLOEVEN
zone_1,29167,PLOGASTEL SAINT GERMAIN
zone_1,29168,PLOGOFF
zone_1,29169,PLOGONNEC
zone_1,29170,PLOMELIN
zone_1,29171,PLOMEUR
zone_1,29173,PLONEIS
zone_1,29174,PLONEOUR LANVERN
zone_1,29176,PLONEVEZ PORZAY
zone_1,29177,PLOUARZEL
zone_1,29190,PLOUGONVELIN
zone_1,29197,PLOUHINEC
zone_1,29201,PLOUMOGUER
zone_1,29214,PLOVAN
zone_1,29215,PLOZEVET
zone_1,29216,PLUGUFFAN
zone_1,29217,PONT AVEN
zone_1,29218,PONT CROIX
zone_1,29220,PONT L ABBE
zone_1,29221,PORSPODER
zone_1,29224,POULDERGAT
zone_1,29225,POULDREUZIC
zone_1,29226,POULLAN SUR MER
zone_1,29228,PRIMELIN
zone_1,29229,QUEMENEVEN
zone_1,29230,QUERRIEN
zone_1,29232,QUIMPER
zone_1,29233,QUIMPERLE
zone_1,29234,REDENE
zone_1,29236,RIEC SUR BELON
zone_1,29241,ROSPORDEN
zone_1,29243,SAINT COULITZ
zone_1,29247,SAINT EVARZEC
zone_1,29252,SAINT JEAN TROLIMON
zone_1,29269,SAINT THURIEN
zone_1,29272,SAINT YVI
zone_1,29274,SCAER
zone_1,29281,TOURCH
zone_1,29282,TREBABU
zone_1,29284,TREFFIAGAT
zone_1,29292,TREGUENNEC
zone_1,29293,TREGUNC
zone_1,29296,TREMEOC
zone_1,29297,TREMEVEN
zone_1,29298,TREOGAT
zone_1,29300,TREVOUX
zone_1,35001,ACIGNE
zone_1,35002,AMANLIS
zone_1,35003,ANDOUILLE NEUVILLE
zone_1,35004,VAL COUESNON
zone_1,35005,ARBRISSEL
zone_1,35006,ARGENTRE DU PLESSIS
zone_1,35007,AUBIGNE
zone_1,35008,AVAILLES SUR SEICHE
zone_1,35009,BAGUER MORVAN
zone_1,35010,BAGUER PICAN
zone_1,35012,BAIN DE BRETAGNE
zone_1,35013,BAINS SUR OUST
zone_1,35014,BAIS
zone_1,35015,BALAZE
zone_1,35016,BAULON
zone_1,35017,BAUSSAINE
zone_1,35018,BAZOUGE DU DESERT
zone_1,35019,BAZOUGES LA PEROUSE
zone_1,35021,BEAUCE
zone_1,35022,BECHEREL
zone_1,35023,BEDEE
zone_1,35024,BETTON
zone_1,35025,BILLE
zone_1,35026,BLERUAIS
zone_1,35027,BOISGERVILLY
zone_1,35028,BOISTRUDAN
zone_1,35029,BONNEMAIN
zone_1,35030,BOSSE DE BRETAGNE
zone_1,35031,BOUEXIERE
zone_1,35032,BOURGBARRE
zone_1,35033,BOURG DES COMPTES
zone_1,35034,BOUSSAC
zone_1,35035,BOVEL
zone_1,35037,BREAL SOUS MONTFORT
zone_1,35038,BREAL SOUS VITRE
zone_1,35039,BRECE
zone_1,35040,BRETEIL
zone_1,35041,BRIE
zone_1,35042,BRIELLES
zone_1,35044,BROUALAN
zone_1,35045,BRUC SUR AFF
zone_1,35046,BRULAIS
zone_1,35047,BRUZ
zone_1,35049,CANCALE
zone_1,35050,CARDROC
zone_1,35051,CESSON SEVIGNE
zone_1,35052,CHAMPEAUX
zone_1,35054,CHANTELOUP
zone_1,35055,CHANTEPIE
zone_1,35056,CHAPELLE AUX FILTZMEENS
zone_1,35057,CHAPELLE BOUEXIC
zone_1,35058,CHAPELLE CHAUSSEE
zone_1,35059,CHAPELLE DES FOUGERETZ
zone_1,35060,CHAPELLE DU LOU DU LAC
zone_1,35061,CHAPELLE ERBREE
zone_1,35062,CHAPELLE FLEURIGNE
zone_1,35063,CHAPELLE SAINT AUBERT
zone_1,35064,CHAPELLE DE BRAIN
zone_1,35065,CHAPELLE THOUARAULT
zone_1,35066,CHARTRES DE BRETAGNE
zone_1,35067,CHASNE SUR ILLET
zone_1,35068,CHATEAUBOURG
zone_1,35069,CHATEAUGIRON
zone_1,35070,CHATEAUNEUF D ILLE ET VILAINE
zone_1,35071,CHATELLIER
zone_1,35072,CHATILLON EN VENDELAIS
zone_1,35075,CHAUVIGNE
zone_1,35076,CHAVAGNE
zone_1,35077,CHELUN
zone_1,35078,CHERRUEIX
zone_1,35079,CHEVAIGNE
zone_1,35080,CINTRE
zone_1,35081,CLAYES
zone_1,35082,COESMES
zone_1,35084,COMBLESSAC
zone_1,35085,COMBOURG
zone_1,35086,COMBOURTILLE
zone_1,35087,CORNILLE
zone_1,35088,CORPS NUDS
zone_1,35089,COUYERE
zone_1,35090,CREVIN
zone_1,35091,CROUAIS
zone_1,35092,CUGUEN
zone_1,35093,DINARD
zone_1,35094,DINGE
zone_1,35095,DOL DE BRETAGNE
zone_1,35096,DOMAGNE
zone_1,35097,DOMALAIN
zone_1,35098,DOMINELAIS
zone_1,35099,DOMLOUP
zone_1,35101,DOURDAIN
zone_1,35102,DROUGES
zone_1,35103,EANCE
zone_1,35104,EPINIAC
zone_1,35105,ERBREE
zone_1,35106,ERCE EN LAMEE
zone_1,35107,ERCE PRES LIFFRE
zone_1,35108,ESSE
zone_1,35109,ETRELLES
zone_1,35110,FEINS
zone_1,35111,FERRE
zone_1,35114,FORGES LA FORET
zone_1,35115,FOUGERES
zone_1,35116,FRESNAIS
zone_1,35117,GAEL
zone_1,35118,GAHARD
zone_1,35119,GENNES SUR SEICHE
zone_1,35120,GEVEZE
zone_1,35121,GOSNE
zone_1,35122,GOUESNIERE
zone_1,35123,GOVEN
zone_1,35124,GRAND FOUGERAY
zone_1,35125,GUERCHE DE BRETAGNE
zone_1,35126,GUICHEN
zone_1,35127,GUIGNEN
zone_1,35128,GUIPEL
zone_1,35130,HEDE BAZOUGES
zone_1,35131,HERMITAGE
zone_1,35132,HIREL
zone_1,35133,IFFENDIC
zone_1,35134,IFFS
zone_1,35135,IRODOUER
zone_1,35136,JANZE
zone_1,35137,JAVENE
zone_1,35138,LAIGNELET
zone_1,35139,LAILLE
zone_1,35140,LALLEU
zone_1,35141,LANDAVRAN
zone_1,35142,LANDEAN
zone_1,35143,LANDUJAN
zone_1,35144,LANGAN
zone_1,35145,LANGON
zone_1,35146,LANGOUET
zone_1,35148,LANRIGAN
zone_1,35149,LASSY
zone_1,35150,LECOUSSE
zone_1,35151,LIEURON
zone_1,35152,LIFFRE
zone_1,35153,LILLEMER
zone_1,35154,LIVRE SUR CHANGEON
zone_1,35155,LOHEAC
zone_1,35156,LONGAULNAY
zone_1,35157,LOROUX
zone_1,35159,LOURMAIS
zone_1,35160,LOUTEHEL
zone_1,35161,LOUVIGNE DE BAIS
zone_1,35162,LOUVIGNE DU DESERT
zone_1,35163,LUITRE DOMPIERRE
zone_1,35164,MARCILLE RAOUL
zone_1,35165,MARCILLE ROBERT
zone_1,35166,MARPIRE
zone_1,35167,MARTIGNE FERCHAUD
zone_1,35168,VAL D ANAST
zone_1,35169,MAXENT
zone_1,35170,MECE
zone_1,35171,MEDREAC
zone_1,35172,MEILLAC
zone_1,35173,MELESSE
zone_1,35174,MELLE
zone_1,35175,MERNEL
zone_1,35176,GUIPRY MESSAC
zone_1,35177,MEZIERE
zone_1,35178,MEZIERES SUR COUESNON
zone_1,35179,MINIAC MORVAN
zone_1,35180,MINIAC SOUS BECHEREL
zone_1,35181,MINIHIC SUR RANCE
zone_1,35183,MONDEVERT
zone_1,35184,MONTAUBAN DE BRETAGNE
zone_1,35185,MONTAUTOUR
zone_1,35186,MONT DOL
zone_1,35187,MONTERFIL
zone_1,35188,MONTFORT SUR MEU
zone_1,35189,MONTGERMONT
zone_1,35190,MONTHAULT
zone_1,35191,PORTES DU COGLAIS
zone_1,35192,MONTREUIL DES LANDES
zone_1,35193,MONTREUIL LE GAST
zone_1,35194,MONTREUIL SOUS PEROUSE
zone_1,35195,MONTREUIL SUR ILLE
zone_1,35196,MORDELLES
zone_1,35197,MOUAZE
zone_1,35198,MOULINS
zone_1,35199,MOUSSE
zone_1,35200,MOUTIERS
zone_1,35201,MUEL
zone_1,35202,NOE BLANCHE
zone_1,35203,NOUAYE
zone_1,35204,NOUVOITOU
zone_1,35205,NOYAL SOUS BAZOUGES
zone_1,35206,NOYAL CHATILLON SUR SEICHE
zone_1,35207,NOYAL SUR VILAINE
zone_1,35208,ORGERES
zone_1,35210,PACE
zone_1,35211,PAIMPONT
zone_1,35212,PANCE
zone_1,35214,PARCE
zone_1,35215,PARIGNE
zone_1,35216,PARTHENAY DE BRETAGNE
zone_1,35217,PERTRE
zone_1,35218,PETIT FOUGERAY
zone_1,35219,PIPRIAC
zone_1,35220,PIRE CHANCE
zone_1,35221,PLECHATEL
zone_1,35222,PLEINE FOUGERES
zone_1,35223,PLELAN LE GRAND
zone_1,35224,PLERGUER
zone_1,35225,PLESDER
zone_1,35226,PLEUGUENEUC
zone_1,35227,PLEUMELEUC
zone_1,35228,PLEURTUIT
zone_1,35229,POCE LES BOIS
zone_1,35230,POILLEY
zone_1,35231,POLIGNE
zone_1,35232,PRINCE
zone_1,35233,QUEBRIAC
zone_1,35234,QUEDILLAC
zone_1,35235,RANNEE
zone_1,35236,REDON
zone_1,35237,RENAC
zone_1,35238,RENNES
zone_1,35239,RETIERS
zone_1,35240,RHEU
zone_1,35241,RICHARDAIS
zone_1,35242,RIMOU
zone_1,35243,ROMAGNE
zone_1,35244,ROMAZY
zone_1,35245,ROMILLE
zone_1,35246,ROZ LANDRIEUX
zone_1,35247,ROZ SUR COUESNON
zone_1,35248,SAINS
zone_1,35249,SAINTE ANNE SUR VILAINE
zone_1,35250,SAINT ARMEL
zone_1,35251,SAINT AUBIN D AUBIGNE
zone_1,35252,SAINT AUBIN DES LANDES
zone_1,35253,SAINT AUBIN DU CORMIER
zone_1,35255,SAINT BENOIT DES ONDES
zone_1,35256,SAINT BRIAC SUR MER
zone_1,35257,MAEN ROCH
zone_1,35258,SAINT BRIEUC DES IFFS
zone_1,35259,SAINT BROLADRE
zone_1,35260,SAINT CHRISTOPHE DES BOIS
zone_1,35261,SAINT CHRISTOPHE DE VALAINS
zone_1,35262,SAINTE COLOMBE
zone_1,35263,SAINT COULOMB
zone_1,35264,SAINT DIDIER
zone_1,35265,SAINT DOMINEUC
zone_1,35266,SAINT ERBLON
zone_1,35268,SAINT GANTON
zone_1,35270,SAINT GEORGES DE GREHAIGNE
zone_1,35271,SAINT GEORGES DE REINTEMBAULT
zone_1,35272,SAINT GERMAIN DU PINEL
zone_1,35273,SAINT GERMAIN EN COGLES
zone_1,35274,SAINT GERMAIN SUR ILLE
zone_1,35275,SAINT GILLES
zone_1,35276,SAINT GONDRAN
zone_1,35277,SAINT GONLAY
zone_1,35278,SAINT GREGOIRE
zone_1,35279,SAINT GUINOUX
zone_1,35280,SAINT HILAIRE DES LANDES
zone_1,35281,SAINT JACQUES DE LA LANDE
zone_1,35282,RIVES DU COUESNON
zone_1,35283,SAINT JEAN SUR VILAINE
zone_1,35284,SAINT JOUAN DES GUERETS
zone_1,35285,SAINT JUST
zone_1,35286,SAINT LEGER DES PRES
zone_1,35287,SAINT LUNAIRE
zone_1,35288,SAINT MALO
zone_1,35289,SAINT MALO DE PHILY
zone_1,35290,SAINT MALON SUR MEL
zone_1,35291,SAINT MARCAN
zone_1,35292,SAINT MARC LE BLANC
zone_1,35294,SAINTE MARIE
zone_1,35295,SAINT MAUGAN
zone_1,35296,SAINT MEDARD SUR ILLE
zone_1,35297,SAINT MEEN LE GRAND
zone_1,35299,SAINT MELOIR DES ONDES
zone_1,35300,SAINT M HERVE
zone_1,35302,SAINT ONEN LA CHAPELLE
zone_1,35304,SAINT OUEN DES ALLEUX
zone_1,35305,SAINT PERAN
zone_1,35306,SAINT PERE MARC EN POULET
zone_1,35307,SAINT PERN
zone_1,35308,MESNIL ROC H
zone_1,35309,SAINT REMY DU PLAIN
zone_1,35310,SAINT SAUVEUR DES LANDES
zone_1,35311,SAINT SEGLIN
zone_1,35312,SAINT SENOUX
zone_1,35314,SAINT SULIAC
zone_1,35315,SAINT SULPICE LA FORET
zone_1,35316,SAINT SULPICE DES LANDES
zone_1,35317,SAINT SYMPHORIEN
zone_1,35318,SAINT THUAL
zone_1,35319,SAINT THURIAL
zone_1,35320,SAINT UNIAC
zone_1,35321,SAULNIERES
zone_1,35322,SEL DE BRETAGNE
zone_1,35324,SELLE EN LUITRE
zone_1,35325,SELLE GUERCHAISE
zone_1,35326,SENS DE BRETAGNE
zone_1,35327,SERVON SUR VILAINE
zone_1,35328,SIXT SUR AFF
zone_1,35329,SOUGEAL
zone_1,35330,TAILLIS
zone_1,35331,TALENSAC
zone_1,35332,TEILLAY
zone_1,35333,THEIL DE BRETAGNE
zone_1,35334,THORIGNE FOUILLARD
zone_1,35335,THOURIE
zone_1,35336,TIERCENT
zone_1,35337,TINTENIAC
zone_1,35338,TORCE
zone_1,35339,TRANS LA FORET
zone_1,35340,TREFFENDEL
zone_1,35342,TREMEHEUC
zone_1,35343,TRESBOEUF
zone_1,35345,TREVERIEN
zone_1,35346,TRIMER
zone_1,35347,VAL D IZE
zone_1,35350,VERGEAL
zone_1,35351,VERGER
zone_1,35352,VERN SUR SEICHE
zone_1,35353,VEZIN LE COQUET
zone_1,35354,VIEUX VIEL
zone_1,35355,VIEUX VY SUR COUESNON
zone_1,35356,VIGNOC
zone_1,35357,VILLAMEE
zone_1,35358,VILLE ES NONAIS
zone_1,35359,VISSEICHE
zone_1,35360,VITRE
zone_1,35361,VIVIER SUR MER
zone_1,35362,TRONCHET
zone_1,35363,PONT PEAN
zone_1,56001,ALLAIRE
zone_1,56002,AMBON
zone_1,56003,ARRADON
zone_1,56004,ARZAL
zone_1,56005,ARZON
zone_1,56006,AUGAN
zone_1,56007,AURAY
zone_1,56008,BADEN
zone_1,56009,BANGOR
zone_1,56010,BAUD
zone_1,56011,BEGANNE
zone_1,56012,BEIGNON
zone_1,56013,BELZ
zone_1,56014,BERNE
zone_1,56015,BERRIC
zone_1,56017,BIGNAN
zone_1,56018,BILLIERS
zone_1,56019,BILLIO
zone_1,56020,BOHAL
zone_1,56021,BRANDERION
zone_1,56022,BRANDIVY
zone_1,56023,BRECH
zone_1,56024,BREHAN
zone_1,56025,BRIGNAC
zone_1,56026,BUBRY
zone_1,56027,BULEON
zone_1,56028,CADEN
zone_1,56029,CALAN
zone_1,56030,CAMOEL
zone_1,56031,CAMORS
zone_1,56032,CAMPENEAC
zone_1,56033,CARENTOIR
zone_1,56034,CARNAC
zone_1,56035,CARO
zone_1,56036,CAUDAN
zone_1,56039,CHAPELLE NEUVE
zone_1,56040,CLEGUER
zone_1,56042,COLPO
zone_1,56043,CONCORET
zone_1,56044,COURNON
zone_1,56045,COURS
zone_1,56046,CRACH
zone_1,56047,CREDIN
zone_1,56048,CROISTY
zone_1,56050,CROIX HELLEAN
zone_1,56051,CRUGUEL
zone_1,56052,DAMGAN
zone_1,56053,ELVEN
zone_1,56054,ERDEVEN
zone_1,56055,ETEL
zone_1,56056,EVRIGUET
zone_1,56057,FAOUET
zone_1,56058,FEREL
zone_1,56060,FOUGERETS
zone_1,56061,GACILLY
zone_1,56062,GAVRES
zone_1,56063,GESTEL
zone_1,56065,GOURHEL
zone_1,56067,GRAND CHAMP
zone_1,56068,GREE SAINT LAURENT
zone_1,56069,GROIX
zone_1,56070,GUEGON
zone_1,56071,GUEHENNO
zone_1,56072,GUELTAS
zone_1,56074,GUENIN
zone_1,56075,GUER
zone_1,56076,GUERN
zone_1,56077,GUERNO
zone_1,56078,GUIDEL
zone_1,56079,GUILLAC
zone_1,56080,GUILLIERS
zone_1,56081,GUISCRIFF
zone_1,56082,HELLEAN
zone_1,56083,HENNEBONT
zone_1,56084,HEZO
zone_1,56085,HOEDIC
zone_1,56086,ILE D HOUAT
zone_1,56087,ILE AUX MOINES
zone_1,56088,ILE D ARZ
zone_1,56089,INGUINIEL
zone_1,56090,INZINZAC LOCHRIST
zone_1,56091,JOSSELIN
zone_1,56092,KERFOURN
zone_1,56094,KERVIGNAC
zone_1,56096,LANDAUL
zone_1,56097,LANDEVANT
zone_1,56098,LANESTER
zone_1,56101,LANGUIDIC
zone_1,56102,FORGES DE LANOUEE
zone_1,56103,LANTILLAC
zone_1,56104,LANVAUDAN
zone_1,56105,LANVENEGEN
zone_1,56106,LARMOR BADEN
zone_1,56107,LARMOR PLAGE
zone_1,56108,LARRE
zone_1,56109,LAUZACH
zone_1,56110,LIGNOL
zone_1,56111,LIMERZEL
zone_1,56112,LIZIO
zone_1,56114,LOCMARIA
zone_1,56115,LOCMARIA GRAND CHAMP
zone_1,56116,LOCMARIAQUER
zone_1,56117,LOCMINE
zone_1,56118,LOCMIQUELIC
zone_1,56119,LOCOAL MENDON
zone_1,56120,LOCQUELTAS
zone_1,56121,LORIENT
zone_1,56122,LOYAT
zone_1,56123,MALANSAC
zone_1,56124,MALESTROIT
zone_1,56125,MALGUENAC
zone_1,56126,MARZAN
zone_1,56127,MAURON
zone_1,56128,MELRAND
zone_1,56129,MENEAC
zone_1,56130,MERLEVENEZ
zone_1,56131,MESLAN
zone_1,56132,MEUCON
zone_1,56133,MISSIRIAC
zone_1,56134,MOHON
zone_1,56135,MOLAC
zone_1,56136,MONTENEUF
zone_1,56137,MONTERBLANC
zone_1,56139,MONTERTELOT
zone_1,56140,MOREAC
zone_1,56141,MOUSTOIR AC
zone_1,56143,MUZILLAC
zone_1,56144,EVELLYS
zone_1,56145,NEANT SUR YVEL
zone_1,56147,NIVILLAC
zone_1,56148,NOSTANG
zone_1,56149,NOYAL MUZILLAC
zone_1,56151,NOYAL PONTIVY
zone_1,56152,PALAIS
zone_1,56153,PEAULE
zone_1,56154,PEILLAC
zone_1,56155,PENESTIN
zone_1,56156,PERSQUEN
zone_1,56157,PLAUDREN
zone_1,56158,PLESCOP
zone_1,56159,PLEUCADEUC
zone_1,56160,PLEUGRIFFET
zone_1,56161,PLOEMEL
zone_1,56162,PLOEMEUR
zone_1,56164,PLOEREN
zone_1,56165,PLOERMEL
zone_1,56166,PLOUAY
zone_1,56167,PLOUGOUMELEN
zone_1,56168,PLOUHARNEL
zone_1,56169,PLOUHINEC
zone_1,56171,PLUHERLIN
zone_1,56172,PLUMELEC
zone_1,56173,PLUMELIAU BIEUZY
zone_1,56174,PLUMELIN
zone_1,56175,PLUMERGAT
zone_1,56176,PLUNERET
zone_1,56177,PLUVIGNER
zone_1,56178,PONTIVY
zone_1,56179,PONT SCORFF
zone_1,56180,PORCARO
zone_1,56181,PORT LOUIS
zone_1,56182,PRIZIAC
zone_1,56184,QUESTEMBERT
zone_1,56185,QUEVEN
zone_1,56186,QUIBERON
zone_1,56188,QUISTINIC
zone_1,56189,RADENAC
zone_1,56190,REGUINY
zone_1,56191,REMINIAC
zone_1,56193,RIANTEC
zone_1,56194,RIEUX
zone_1,56195,ROCHE BERNARD
zone_1,56196,ROCHEFORT EN TERRE
zone_1,56197,VAL D OUST
zone_1,56198,ROHAN
zone_1,56200,RUFFIAC
zone_1,56201,SAINT
zone_1,56202,SAINT ABRAHAM
zone_1,56204,SAINT ALLOUESTRE
zone_1,56205,SAINT ARMEL
zone_1,56206,SAINT AVE
zone_1,56207,SAINT BARTHELEMY
zone_1,56208,SAINT BRIEUC DE MAURON
zone_1,56210,SAINT CARADEC TREGOMEL
zone_1,56211,SAINT CONGARD
zone_1,56212,SAINT DOLAY
zone_1,56213,SAINT GERAND CROIXANVEC
zone_1,56214,SAINT GILDAS DE RHUYS
zone_1,56215,SAINT GONNERY
zone_1,56216,SAINT GORGON
zone_1,56218,SAINT GRAVE
zone_1,56219,SAINT GUYOMARD
zone_1,56220,SAINTE HELENE
zone_1,56221,SAINT JACUT LES PINS
zone_1,56222,SAINT JEAN BREVELAY
zone_1,56223,SAINT JEAN LA POTERIE
zone_1,56224,SAINT LAURENT SUR OUST
zone_1,56225,SAINT LERY
zone_1,56226,SAINT MALO DE BEIGNON
zone_1,56227,SAINT MALO DES TROIS FONTAINES
zone_1,56228,SAINT MARCEL
zone_1,56229,SAINT MARTIN SUR OUST
zone_1,56230,SAINT NICOLAS DU TERTRE
zone_1,56231,SAINT NOLFF
zone_1,56232,SAINT PERREUX
zone_1,56233,SAINT PHILIBERT
zone_1,56234,SAINT PIERRE QUIBERON
zone_1,56236,SAINT SERVANT
zone_1,56237,SAINT THURIAU
zone_1,56239,SAINT VINCENT SUR OUST
zone_1,56240,SARZEAU
zone_1,56241,SAUZON
zone_1,56243,SENE
zone_1,56244,SERENT
zone_1,56246,SOURN
zone_1,56247,SULNIAC
zone_1,56248,SURZUR
zone_1,56249,TAUPONT
zone_1,56250,THEHILLAC
zone_1,56251,THEIX NOYALO
zone_1,56252,TOUR DU PARC
zone_1,56253,TREAL
zone_1,56254,TREDION
zone_1,56255,TREFFLEAN
zone_1,56256,TREHORENTEUC
zone_1,56257,TRINITE PORHOET
zone_1,56258,TRINITE SUR MER
zone_1,56259,TRINITE SURZUR
zone_1,56260,VANNES
zone_1,56261,VRAIE CROIX
zone_1,56262,BONO
zone_1,56263,SAINTE ANNE D AURAY
zone_1,56264,KERNASCLEDEN
